"Codice","Descrizione","Tipo","Categoria"
"01--","IMMOBILIZZAZIONI IMMATERIALI","Patrimoniale","Alt"
"01-01-","Costi Impianto e Ampliamento","Patrimoniale","Imm"
"01-01-00001","SPESE DI COSTITUZIONE E IMP.","Patrimoniale","Imm"
"01-01-00002","SPESE DI MODIFICHE STATUTARIE","Patrimoniale","Imm"
"01-01-00003","COSTO ADATTAMENTO LOCALE","Patrimoniale","Imm"
"01-01-00004","SPESE DI AVVIAMENTO DI NUOVI IMPIANTI","Patrimoniale","Imm"
"01-01-00021","F.DO AMM. SPESE DI COSTITUZIONE","Patrimoniale","Imm"
"01-01-00022","F.DO AMM. SPESE MODIFICHE STATUTARIE","Patrimoniale","Imm"
"01-01-00023","F.DO AMM. COSTO ADATT. LOCALE","Patrimoniale","Imm"
"01-01-00024","F.DO AMM.TO AVVIAMENTO NUOVI IMPIANTI DI PRODUZION","Patrimoniale","Imm"
"01-01-00100","F.DI DI SVALUTAZIONE","Patrimoniale","Imm"
"01-02-","Costi di Ricerca Svil.e Pubblicità","Patrimoniale","Imm"
"01-02-00001","SPESE PER STUDI E RICERCHE","Patrimoniale","Imm"
"01-02-00002","SPESE DI PUBBLICITÁ","Patrimoniale","Imm"
"01-02-00021","F.DO AMM. SPESE PER STUDI E RICERCHE","Patrimoniale","Imm"
"01-02-00022","F.DO AMM. SPESE DI PUBBLICITÁ","Patrimoniale","Imm"
"01-02-00100","F.DI DI SVALUTAZIONE","Patrimoniale","Imm"
"01-03-","Diritti Brev. Opere Ingegno","Patrimoniale","Imm"
"01-03-00001","BREVETTI","Patrimoniale","Imm"
"01-03-00002","KNOW-HOW","Patrimoniale","Imm"
"01-03-00003","SOFTWARE","Patrimoniale","Imm"
"01-03-00004","DIRITTI DI UTILIZZO DI OPERE DELL'INGEGNO","Patrimoniale","Imm"
"01-03-00021","F.DO AMM. BREVETTI","Patrimoniale","Imm"
"01-03-00022","F.DO AMM. KNOW-HOW","Patrimoniale","Imm"
"01-03-00023","F.DO AMM. SOFTWARE","Patrimoniale","Imm"
"01-03-00024","F.DO AMM.TO DIRITTI DI UTIL. OPERE DELL'INGEGNO","Patrimoniale","Imm"
"01-03-00100","F.DI DI SVALUTAZIONE","Patrimoniale","Imm"
"01-04-","Concess.Lic.Mrchi e Diritti","Patrimoniale","Imm"
"01-04-00001","CONCESSIONI","Patrimoniale","Imm"
"01-04-00002","LICENZE","Patrimoniale","Imm"
"01-04-00003","MARCHI INDUSTR. E COMMERCIALI","Patrimoniale","Imm"
"01-04-00021","F.DO AMM. CONCESSIONI","Patrimoniale","Imm"
"01-04-00022","F.DO AMM. LICENZE","Patrimoniale","Imm"
"01-04-00023","F.DO AMM. MARCHI IND. E COMM.LI","Patrimoniale","Imm"
"01-04-00100","F.DI DI SVALUTAZIONE","Patrimoniale","Imm"
"01-05-","Avviamento","Patrimoniale","Imm"
"01-05-00001","AVVIAMENTO","Patrimoniale","Imm"
"01-05-00021","F.DO AMM. AVVIAMENTO","Patrimoniale","Imm"
"01-05-00100","F.DI DI SVALUTAZIONE","Patrimoniale","Imm"
"01-06-","Immob.Immat.in Corso e Acconti","Patrimoniale","Imm"
"01-06-00001","ACCONTO SU IMMOBILIZZ. IMMAT.","Patrimoniale","Imm"
"01-06-00002","IMMOBILIZZAZIONI IN CORSO","Patrimoniale","Imm"
"01-06-00100","F.DI DI SVALUTAZIONE","Patrimoniale","Imm"
"01-07-","Altre Immobilizz.Immateriali","Patrimoniale","Imm"
"01-07-00001","ALTRI COSTI PLURIENNALI","Patrimoniale","Imm"
"01-07-00002","MANUTENZIONI E RIPARAZIONI","Patrimoniale","Imm"
"01-07-00003","INVIM DECENNALE DA AMMORTIZZ.","Patrimoniale","Imm"
"01-07-00021","F.DO AMM. ALTRI COSTI PLURIENNALI","Patrimoniale","Imm"
"01-07-00022","F.DO AMM. MANUT. RIPARAZIONI","Patrimoniale","Imm"
"02--","IMMOBILIZZAZIONI MATERIALI","Patrimoniale","Alt"
"02-01-","Terreni e Fabbricati","Patrimoniale","Imm"
"02-01-00001","TERRENI","Patrimoniale","Imm"
"02-01-00002","OPIFICIO INDUSTRIALE","Patrimoniale","Imm"
"02-01-00003","AMPLIAMENTO OPIFICIO INDUSTR.","Patrimoniale","Imm"
"02-02-","Impianti e Macchinari (Generici)","Patrimoniale","Imm"
"02-03-","Attrezzature","Patrimoniale","Imm"
"02-04-","Attrezzatura Varia e Minuta","Patrimoniale","Imm"
"02-05-","Mobili e Arredi","Patrimoniale","Imm"
"02-06-","Macchine d\'Ufficio","Patrimoniale","Imm"
"02-07-","Macchine Elettroniche","Patrimoniale","Imm"
"02-08-","Automezzi","Patrimoniale","Imm"
"02-09-","Movimento e Trasporto interno","Patrimoniale","Imm"
"02-10-","Altri Beni (materiali)","Patrimoniale","Imm"
"02-10-00001","BENI GRATUITAMENTE DEVOLUTI","Patrimoniale","Imm"
"02-11-","Immobilizz.ni in Corso e acconti","Patrimoniale","Imm"
"02-11-00001","ACONTO SU IMM. MATERIALI","Patrimoniale","Imm"
"02-11-00002","IMMOBILIZZAZIONI MATERIALI IN CORSO","Patrimoniale","Imm"
"02-12-","Beni inferiori a LM1","Patrimoniale","Imm"
"02-12-00001","BENI AMM.LI < LM1 anno98","Patrimoniale","Imm"
"02-12-00002","BENI AMM.LI < LM1 anno99","Patrimoniale","Imm"
"02-13-","Impianti e Macchinari (Specifici)","Patrimoniale","Imm"
"03--","IMMOBILIZZAZIONI FINANZIARIE","Patrimoniale","Alt"
"03-01-","Partecipazioni","Patrimoniale","Imm"
"03-01-00001","PARTEC. IN IMPRESE CONTROLLATE","Patrimoniale","Imm"
"03-01-00002","PARTEC. IN IMPRESE COLLEGATE","Patrimoniale","Imm"
"03-01-00003","PARTECIPAZ. IN ALTRE IMPRESE","Patrimoniale","Imm"
"03-02-","Crediti di Finanziamento","Patrimoniale","Imm"
"03-02-00001","CREDITI V/IMPRESE CONTROLLATE","Patrimoniale","Imm"
"03-02-00002","CREDITI V/IMPRESE COLLEGATE","Patrimoniale","Imm"
"03-02-00003","CREDIDI V/IMPRESE CONTROLLANTI","Patrimoniale","Imm"
"03-02-00004","CREDITI V/ALTRI","Patrimoniale","Imm"
"03-03-","Altri Crediti","Patrimoniale","Imm"
"03-03-00001","TITOLI DI STATO","Patrimoniale","Imm"
"03-03-00002","OBBLIGAZIONI","Patrimoniale","Imm"
"04--","RIMANENZE","Patrimoniale","Alt"
"04-01-","Rimanenze Iniziali","Patrimoniale","Alt"
"04-01-00001","RIM.INIZ. MATERIE PRIME","Patrimoniale","Alt"
"04-01-00002","RIM.INIZ. SEMILAVORATI","Patrimoniale","Alt"
"04-01-00003","RIM.INIZ. PRODOTTI FINITI","Patrimoniale","Alt"
"04-01-00004","RIM.INIZ. LAVORI IN CORSO","Patrimoniale","Alt"
"04-01-00005","RIM.INIZ. ACCESSORI","Patrimoniale","Alt"
"04-01-00006","RIM.INIZ. MERCI","Patrimoniale","Alt"
"04-01-00007","RIM.INIZ. MATERIE SUSSIDIARIE","Patrimoniale","Alt"
"04-01-00008","RIM.INIZ. MATERIALE DI CONSUMO","Patrimoniale","Alt"
"04-02-","Rimanenze Finali","Patrimoniale","Alt"
"04-02-00001","RIM.FINALI MATERIE PRIME","Patrimoniale","Alt"
"04-02-00002","RIM.FINALI SEMILAVORATI","Patrimoniale","Alt"
"04-02-00003","RIM.FINALI PROD.FINITI","Patrimoniale","Alt"
"04-02-00004","RIM.FINALI LAVORI INCORSO","Patrimoniale","Alt"
"04-02-00005","RIM.FINALI ACCESSORI","Patrimoniale","Alt"
"04-02-00006","RIM.FINALI MERCI","Patrimoniale","Alt"
"04-02-00007","RIM.FINALI MATERIE SUSSIDIARIE","Patrimoniale","Alt"
"04-02-00008","RIM.FINALI MATERIALE DI CONSUMO","Patrimoniale","Alt"
"05--","CREDITI","Patrimoniale","Alt"
"05-01-","Clienti Ordinari","Patrimoniale","Cli"
"05-02-","Clienti Esteri","Patrimoniale","Cli"
"05-03-","Clienti X Fatt. Da Emettere","Patrimoniale","Alt"
"05-03-00001","CLIENTI X FATT. DA EMETTERE","Patrimoniale","Alt"
"05-04-","Credito Contrib. F/Perduto","Patrimoniale","Alt"
"05-05-","Effetti Attivi","Patrimoniale","Alt"
"05-05-00001","EFFETTI ATTIVI","Patrimoniale","Alt"
"05-06-","Crediti interessi legge64/86","Patrimoniale","Alt"
"05-07-","Effetti Allo Sconto","Patrimoniale","Alt"
"05-08-","Effetti AlL'Incasso","Patrimoniale","Alt"
"05-09-","Effetti insoluti e Protestati","Patrimoniale","Alt"
"05-10-","Ricevute Bancarie Emesse","Patrimoniale","Alt"
"05-11-","Effetti Richiamenti","Patrimoniale","Alt"
"05-12-","Ricevute Bancarie Insolute","Patrimoniale","Alt"
"05-13-","Insussistenza di Attivo","Patrimoniale","Alt"
"05-14-","Rivevute Bancarie alL'Incasso","Patrimoniale","Alt"
"05-15-","Ricevute Bancarie Richiamate","Patrimoniale","Alt"
"05-16-","Fornitori C/Anticipi","Patrimoniale","Alt"
"05-17-","Crediti verso Controllanti","Patrimoniale","Alt"
"05-18-","Crediti Tributari","Patrimoniale","Alt"
"05-18-00001","CREDITI C/RITENUTE IRPEG SUBITE","Patrimoniale","Alt"
"05-18-00002","IRES A RIMBORSO","Patrimoniale","Alt"
"05-18-00004","ERARIO C/CREDITO","Patrimoniale","Alt"
"05-18-00005","IRES A CREDITO","Patrimoniale","Alt"
"05-18-00006","ACCONTO IRES","Patrimoniale","Alt"
"05-18-00008","ACCONTO IRAP","Patrimoniale","Alt"
"05-18-00009","CREDITO I.V.A.","Patrimoniale","Alt"
"05-18-00013","RIMBORSO I.V.A.","Patrimoniale","Alt"
"05-18-00014","IMPOSTA DA COMPUTARE","Patrimoniale","Alt"
"05-18-00016","CREDITO INPS X RIMBORSI","Patrimoniale","Alt"
"05-18-00017","CREDITO D\'IMPOSTA C/ERARIO","Patrimoniale","Alt"
"05-18-00018","CREDITO D\'IMPOSTA C/REGIONI","Patrimoniale","Alt"
"05-18-00019","CREDITO D\'IMPOSTA SU INVESTIMENTI","Patrimoniale","Alt"
"05-19-","Crediti Soc. di Factoring","Patrimoniale","Alt"
"05-20-","Ritenute Subite","Patrimoniale","Ven"
"05-20-00001","RITENUTE SUBITE","Patrimoniale","Ven"
"05-21-","Crediti in Sofferenza","Patrimoniale","Alt"
"05-21-00001","CREDITI IN SOFFERENZA","Patrimoniale","Alt"
"05-22-","Crediti Verso Altri","Patrimoniale","Alt"
"05-22-00001","ASSICURAZIONI C/RIMBORSI","Patrimoniale","Alt"
"05-22-00002","DEPOSITI CAUZIONALI TELECOM","Patrimoniale","Alt"
"05-22-00003","DEPOSITI CAUZIONALI ENEL SPA","Patrimoniale","Alt"
"05-22-00004","NOTA CREDITO DA RICEVERE","Patrimoniale","Alt"
"06--","ATTIVITÁ FINANZIARIE","Patrimoniale","Alt"
"06-01-","Partecip. Imprese Controllate","Patrimoniale","Alt"
"06-02-","Partecip. Imprese Collegate","Patrimoniale","Alt"
"06-03-","Altre Partecipazioni","Patrimoniale","Alt"
"06-04-","ALTRI TITOLI","Patrimoniale","Alt"
"07--","DISPONIBILITÁ","Patrimoniale","Alt"
"07-01-","Depositi Bancari","Patrimoniale","Dis"
"07-01-00001","BANCA C/C N......... (Att.)","Patrimoniale","Dis"
"07-01-00010","BANCA C/C (Vincolato)","Patrimoniale","Dis"
"07-02-","Assegni","Patrimoniale","Dis"
"07-02-00001","CASSA ASSEGNI BANCARI","Patrimoniale","Dis"
"07-03-","Denaro e Valori in Cassa","Patrimoniale","Dis"
"07-03-00001","CASSA","Patrimoniale","Dis"
"07-03-00002","CASSA - VALORI BOLLATI","Patrimoniale","Dis"
"08--","RATEI E RISCONTI","Patrimoniale","Alt"
"08-01-","Ratei Attivi","Patrimoniale","Alt"
"08-01-00003","RATEI ATTIVI Rata ant.Inail","Patrimoniale","Alt"
"08-02-","Risconti Attivi","Patrimoniale","Alt"
"08-02-00001","RISCONTI ATTIVI","Patrimoniale","Alt"
"09--","FONDI PER RISCHI E ONERI","Patrimoniale","Alt"
"09-01-","F.do Trattamento Fine Rapporto","Patrimoniale","Alt"
"09-01-00001","F.DO T.F.R. DIPENDENTI","Patrimoniale","Alt"
"09-02-","F.di Imposte","Patrimoniale","Alt"
"09-02-00001","F.DO IMPOSTE E TASSE","Patrimoniale","Alt"
"09-03-","Altri Fondi","Patrimoniale","Alt"
"09-03-00001","F.DO SVALUTAZIONE CREDITI","Patrimoniale","Alt"
"09-03-00002","F.DO CONTR. CASSA MEZZOGIORNO","Patrimoniale","Alt"
"09-03-00003","F.DO INTERESSI MORATORI","Patrimoniale","Alt"
"10--","FONDI DI AMMORTAMENTO","Patrimoniale","Alt"
"10-01-","F.do Amm. Terreni e Fabbricati","Patrimoniale","Alt"
"10-02-","F.do Amm. Impianti e Macchinari (Generici)","Patrimoniale","Alt"
"10-03-","F.do Amm. Attrezzature","Patrimoniale","Alt"
"10-04-","F.do Amm. Attrezzatura Varia e Minuta","Patrimoniale","Alt"
"10-05-","F.do Amm. Mobili e Arredo","Patrimoniale","Alt"
"10-06-","F.do Amm. Macchi d\'Ufficio","Patrimoniale","Alt"
"10-07-","F.do Amm. Macchine Elettroniche","Patrimoniale","Alt"
"10-08-","F.do Amm. Automezzi","Patrimoniale","Alt"
"10-09-","F.do Amm. Movimento e Trasp.Interno","Patrimoniale","Alt"
"10-10-","F.do Amm. altri beni materiali","Patrimoniale","Alt"
"10-11-","F.do amm. Immob. in Corso e Acconti","Patrimoniale","Alt"
"10-11-00001","F.DO AMM.TO ACCONTO SU IMM. MATERIALI","Patrimoniale","Alt"
"10-12-","F.do Amm. beni < LM1","Patrimoniale","Alt"
"10-12-00001","F.DO AMM.TO BENI < LM1 anno98","Patrimoniale","Alt"
"10-12-00002","F.DO AMM.TO BENI < LM1 anno99","Patrimoniale","Alt"
"10-13-","F.do Amm. Impianti e Macchinari (Specifici)","Patrimoniale","Alt"
"11--","TRATT.FINE RAPP.LAV.SUBORDIN.","Patrimoniale","Alt"
"11-01-","F.do Tratt. Fine Rapp.Lav.Subordinato","Patrimoniale","Alt"
"12--","DEBITI","Patrimoniale","Alt"
"12-01-","Debiti Verso Banche","Patrimoniale","Dis"
"12-01-00001","BANCA X C/C PASSIVI","Patrimoniale","Dis"
"12-01-00002","BANCA Y C/C PASSIVO","Patrimoniale","Dis"
"12-01-00010","ANTICIPAZIONI PASSIVE","Patrimoniale","Dis"
"12-01-00011","MUTUI PASSIVI","Patrimoniale","Dis"
"12-02-","Rimborso Spese a Dipendenti","Patrimoniale","Alt"
"12-03-","Debiti Verso Altri Finanziatori","Patrimoniale","Alt"
"12-03-00001","PRESTITI DI SOCI FRUTTIFERI","Patrimoniale","Alt"
"12-03-00002","SOCI C/FINANZIAMENTO INFRUTTIFERO","Patrimoniale","Alt"
"12-03-00003","CAUZIONI RICEVUTE","Patrimoniale","Alt"
"12-03-00004","ALTRI PRESTITI","Patrimoniale","Alt"
"12-05-","Acconti Da Clienti","Patrimoniale","Alt"
"12-05-00001","CLIENTI CONTO ANTICIPI","Patrimoniale","Alt"
"12-06-","Clienti per N:CR: da Emettere","Patrimoniale","Alt"
"12-06-00001","NOTA CREDITO DA EMETTERE","Patrimoniale","Alt"
"12-07-","Debiti Verso Fornitori","Patrimoniale","For"
"12-08-","Fornitori X Fatture da Ricevere","Patrimoniale","Alt"
"12-08-00001","FORNITORE PER FATTURE DA RICEVERE","Patrimoniale","Alt"
"12-09-","Debiti rappr. da Titoli di Credito","Patrimoniale","Alt"
"12-09-00001","EFFETTI PASSIVI","Patrimoniale","Alt"
"12-10-","Deb.c/Imprese Controllate","Patrimoniale","Alt"
"12-11-","Bebiti v/Imprese Collegate","Patrimoniale","Alt"
"12-12-","Debiti v/Controllanti","Patrimoniale","Alt"
"12-13-","Debiti tributari c/Ritenute","Patrimoniale","Acq"
"12-13-00001","RITENUTE IRPEF Lavoro Autonomo","Patrimoniale","Acq"
"12-13-00002","RITENUTE IRPEF Lavoro Dipendente","Patrimoniale","Acq"
"12-13-00003","RITENUTE IRPEF Intermediazioni","Patrimoniale","Acq"
"12-13-00004","RITENUTE SUI DIVIDENTI","Patrimoniale","Acq"
"12-13-00005","RITENUTE - RIVALUT. TFR","Patrimoniale","Acq"
"12-13-00006","RITENUTE IRPEF SU TFR","Patrimoniale","Acq"
"12-13-00007","RITENUTE IRPEF CO.CO.CO.","Patrimoniale","Acq"
"12-13-00017","ADDIZIONALE REGIONALE","Patrimoniale","Acq"
"12-13-00018","ADDIZIONALE COMUNALE","Patrimoniale","Acq"
"12-14-","Debiti V/Istit. di Previdenza e Sicur.Sociale","Patrimoniale","Alt"
"12-14-00001","INPS","Patrimoniale","Alt"
"12-14-00002","INAIL","Patrimoniale","Alt"
"12-14-00003","ENPALS","Patrimoniale","Alt"
"12-14-00004","ENASARCO","Patrimoniale","Alt"
"12-14-00005","CASSA EDILE","Patrimoniale","Alt"
"12-14-00006","INPS CO.CO.CO.","Patrimoniale","Alt"
"12-15-","Debiti Tributari","Patrimoniale","Alt"
"12-15-00003","IVA DA VERSARE","Patrimoniale","Alt"
"12-15-00004","ERARIO C/TO PATRIMONIALE","Patrimoniale","Alt"
"12-15-00005","DEBITI PER (ALTRE) IMPOSTE E TASSE","Patrimoniale","Alt"
"12-15-00008","ERARIO C/TO IRAP di Competenza","Patrimoniale","Alt"
"12-15-00009","ERARIO C/TO IRES di Competenza","Patrimoniale","Alt"
"12-16-","Altri Debiti","Patrimoniale","Alt"
"12-16-00001","DEBITI VERSO DIPENDENTI","Patrimoniale","Alt"
"12-16-00002","DEBITI VERSO SOCI","Patrimoniale","Alt"
"12-16-00003","DEBITI VERSO AMMINISTRATORI","Patrimoniale","Alt"
"12-17-","Caparre da Clienti","Patrimoniale","Alt"
"12-17-00001","CAPARRE DA CLIENTI","Patrimoniale","Alt"
"13--","RATEI E RISCONTI","Patrimoniale","Alt"
"13-01-","Ratei Passivi","Patrimoniale","Alt"
"13-01-00001","RATEI PASSIVI (int.e comp.Bancarie)","Patrimoniale","Alt"
"13-01-00002","RATEI PASSIVI (sp.Telefoniche)","Patrimoniale","Alt"
"13-01-00003","RATEI PASSIVI (energia elettr.)","Patrimoniale","Alt"
"13-01-00004","RATEI PASSIVI","Patrimoniale","Alt"
"13-02-","Risconti Passivi","Patrimoniale","Alt"
"18--","GARANZIE","Altro","Alt"
"18-01-","Fidejussioni","Altro","Alt"
"18-01-00001","FIDEJUSSIONI V/CONTROLLATE","Altro","Alt"
"18-01-00002","FIDEJUSSIONI V/COLLEGATE","Altro","Alt"
"18-01-00003","FIDEJUSSIONI V/CONTROLLANTI","Altro","Alt"
"18-02-","Avalli","Altro","Alt"
"18-03-","Impegni","Altro","Alt"
"18-03-00001","ORDINI DI ACQUISTO","Altro","Alt"
"18-04-","Leasing","Altro","Alt"
"18-10-","Rischi","Altro","Alt"
"18-11-","Beni di Terzi","Altro","Alt"
"20--","CREDITI VERSO SOCI X VERS.ANCORA DOVUTI","Patrimoniale","Alt"
"20-01-","Soci C/sottoscrizione","Patrimoniale","Alt"
"20-01-00001","SOCIO A C/SOTTOSCRIZIONE","Patrimoniale","Alt"
"20-01-00002","SOCIO B C/SOTTOSCRIZIONE.","Patrimoniale","Alt"
"20-01-00003","SOCIO C C/ SOTTOSCRIZIONE","Patrimoniale","Alt"
"20-02-","Soci c/decimi da Versare","Patrimoniale","Alt"
"20-02-00001","SOCIO A C/DEC.DA VERSARE","Patrimoniale","Alt"
"20-02-00002","SOCIO B C/DEC.DA VERSARE","Patrimoniale","Alt"
"20-02-00003","SOCIO C C/DEC. DA VERSARE","Patrimoniale","Alt"
"20-03-","Soci c/decimi non richiamati","Patrimoniale","Alt"
"20-03-00001","SOCIO A C/DEC. NON RICH.","Patrimoniale","Alt"
"20-03-00002","SOCIO B C/DEC. NON RICHIAMATI","Patrimoniale","Alt"
"20-04-","Soci c/Acconti su utili","Patrimoniale","Alt"
"20-04-00001","SOCIO A C/ACCONTI UTILI","Patrimoniale","Alt"
"20-04-00002","SOCIO B C/ACCONTI SU UTILI","Patrimoniale","Alt"
"30--","PATRIMONIO NETTO","Patrimoniale","Alt"
"30-01-","Capitale Sociale","Patrimoniale","Alt"
"30-01-00001","CAPITALE SOCIALE VERSATO","Patrimoniale","Alt"
"30-01-00002","CAPITALE SOCIALE NON VERSATO","Patrimoniale","Alt"
"30-01-00003","CAPITALE SOCIALE RIMBORSATO","Patrimoniale","Alt"
"30-01-00004","CAPITALE SOCIALE NON RIMBORSATO","Patrimoniale","Alt"
"30-01-00006","CAPITALE SOCIALE","Patrimoniale","Alt"
"30-02-","Riserva da Sopraprezzo delle Azioni","Patrimoniale","Alt"
"30-03-","Risera Legale","Patrimoniale","Alt"
"30-03-00001","RISERVA LEGALE","Patrimoniale","Alt"
"30-04-","Riserva Statutarie","Patrimoniale","Alt"
"30-04-00001","RISERVE STATUTARIE","Patrimoniale","Alt"
"30-05-","Altre Riserve","Patrimoniale","Alt"
"30-05-00001","RISERVE FACOLTATIVE","Patrimoniale","Alt"
"30-05-00002","FINANZIAMENTI DEI SOCI","Patrimoniale","Alt"
"30-05-00003","RISERVE F.DO ULTERIORE DET.4%","Patrimoniale","Alt"
"30-05-00004","RISERVA F.DO ULTERIORE DET.6%","Patrimoniale","Alt"
"31--","UTILI ANNI PRECEDENTI","Patrimoniale","Alt"
"31-01-","Utili Anni Precedenti","Patrimoniale","Alt"
"31-01-00001","UTILI ESERC. ANNI PRECEDENTI","Patrimoniale","Alt"
"32--","PERDITE ESERC. DA COMPENSARE","Patrimoniale","Alt"
"32-01-","Perdite Eserc. Anni Precedenti","Patrimoniale","Alt"
"32-01-00001","PERDITA ESERCI PRECEDENTI","Patrimoniale","Alt"
"38--","UTILE ESERCIZIO","Patrimoniale","Alt"
"38-01-","Utile Esercizio","Patrimoniale","Alt"
"38-01-utile","UTILE ESERCIZIO","Patrimoniale","Alt"
"39--","PERDITA ESERCIZIO","Patrimoniale","Alt"
"39-01-","Perdita Esercizio","Patrimoniale","Alt"
"39-01-perdi","PERDITA DI ESERCIZIO","Patrimoniale","Alt"
"40--","ERARIO C/IVA","Patrimoniale","Alt"
"40-01-","Erario c/Iva","Patrimoniale","Alt"
"40-01-00001","IVA C/ACQUISTI","Patrimoniale","Alt"
"40-01-00002","IVA C/VENDITE","Patrimoniale","Alt"
"40-01-00003","IVA C/CORRISPETTIVI","Patrimoniale","Alt"
"40-01-00004","IVA IN SOSPENSIONE","Patrimoniale","Alt"
"40-01-00005","IVA INDETRAIBILE","Patrimoniale","Alt"
"40-01-00010","CONGUAGLI IVA","Patrimoniale","Alt"
"40-01-00018","CREDITO IVA anno prec. comp. in F24","Patrimoniale","Alt"
"40-01-00019","CREDITO IVA anno prec. comp. con IVA","Patrimoniale","Alt"
"41--","RICAVI DELLE VENDITE E PRESTAZIONI","Economico","Alt"
"41-01-","Ricavi di Vendita","Economico","Ven"
"41-01-00001","VENDITE DI MERCE","Economico","Ven"
"41-01-00002","VENDITE PRODOTTI FINITI","Economico","Ven"
"41-01-00003","VENDITE A CONTROLLATE COLLEGATE E CONTROLLANTI","Economico","Ven"
"41-01-00004","VENDITE IMBALLAGGI","Economico","Ven"
"41-01-00005","VENDITE DIVERSE","Economico","Ven"
"41-01-00006","VENDITE C/CORRISPETTIVI","Economico","Ven"
"41-02-","Ricavi di vendite (accessori)","Economico","Ven"
"41-02-00001","RICAVI DI VENDITA (accessori)","Economico","Ven"
"41-03-","Rettifiche ai ricavi di vendita","Economico","Ven"
"41-03-00001","RESI SU VENDITA","Economico","Ven"
"41-03-00002","ABBUONI E RIBASSI (passivi) SU VENDITE","Economico","Ven"
"41-03-00003","SCONTI (passivi) SU VENDITE","Economico","Ven"
"41-03-00004","PREMI (a clienti) SU VENDITE","Economico","Ven"
"41-04-","Ricavi delle Prestazioni","Economico","Ven"
"41-04-00001","PRESTAZIONI DI SERVIZI","Economico","Ven"
"41-04-00002","RICAVI X MERCI LAVORATE","Economico","Ven"
"41-05-","Ricavi delle Prestazioni (accessori)","Economico","Ven"
"41-05-00001","RICAVI DELLE PRESTAZIONI (accessori)","Economico","Ven"
"41-06-","Rettifiche ai ricavi delle prestazioni","Economico","Ven"
"41-06-00001","ABBUONI E RIBASSI SU PRESTAZIONI","Economico","Ven"
"41-06-00002","SCONTI (passivi) SU PRESTAZIONI","Economico","Ven"
"41-06-00003","PREMI A CLIENTI (su prestazioni)","Economico","Ven"
"41-07-","Ricavi di forniture e P.in Opera Prod.Finiti","Economico","Ven"
"41-07-00001","RIC.FORNITURA E P.IN OPERA PROD.FINITI","Economico","Ven"
"43--","VARIAZ.IN CORSO SU ORDINAZIONE","Economico","Alt"
"43-02-","Lavori in corso di Ordinaz.(Variazioni)","Economico","Ven"
"44--","INCREMENTI DI IMMOB.NI X LAVORI INTERNI","Economico","Alt"
"44-01-","Increm. su Immob.ni Immateriali","Economico","Ven"
"44-02-","Increm. su Immob.ni Materiali","Economico","Ven"
"49--","ALTRI RICAVI E PROVENTI","Economico","Alt"
"49-01-","Contributi in conto Esercizio","Economico","Ven"
"49-01-00001","CONTRIBUTI STATALI IN C/ESERCIZIO","Economico","Ven"
"49-01-00002","CONTRIBUTI EX LEGGE .....","Economico","Ven"
"49-01-00003","FISCALIZZAZIONE ONERI SOCIALI","Economico","Ven"
"49-02-","Ricavi e Proventi Diversi","Economico","Ven"
"49-02-00001","PROVENTI PATRIM. DA IMM.NI IMMATERIALI","Economico","Ven"
"49-02-00002","PROVENTI PATRIM. DA IMM.NI MATERIALI","Economico","Ven"
"49-02-00004","FITTI ATTIVI","Economico","Ven"
"49-02-00005","RIMBORSI DI SPESE","Economico","Ven"
"49-02-00006","PROVVIGIONI ATTIVE","Economico","Ven"
"49-02-00007","PENALITÁ ADDEBITATE (A CLIENTI)","Economico","Ven"
"49-02-00008","RICAVI MENSA AZIENDALE","Economico","Ven"
"49-02-00009","CONTRIBUTI CONTRATTUALI","Economico","Ven"
"49-02-00010","ALTRI RICAVI (ordinari non altrove classificabili)","Economico","Ven"
"49-02-00011","ARROTONDAMENTI ATTIVI","Economico","Ven"
"49-03-","RICAVI CHE NON CONCORRONO FORM.REDDITO","Economico","Ven"
"49-03-00001","RIC. CREDITO D\'IMPOSTA DIPENDENTI","Economico","Ven"
"49-03-00002","RIC. CREDITO D\'IMPOSTA SU INVESTIMENTI","Economico","Ven"
"51--","COSTI X MAT.PRIME SUSSID.,CONSUMO E MERCI","Economico","Alt"
"51-01-","Acquisti di Materie Prime","Economico","Acq"
"51-01-00001","ACQUISTI MATERIE PRIME","Economico","Acq"
"51-01-00002","ALTRE MATERIE PRIME","Economico","Acq"
"51-02-","Acquisti Materie Prime Sussidiarie","Economico","Acq"
"51-02-00001","ACQUISTI MATERIE PRIME SUSSIDIARIE","Economico","Acq"
"51-03-","Acquisti Materiale di Consumo","Economico","Acq"
"51-03-00001","ACQUISTI MATERIALI DI CONSUMO","Economico","Acq"
"51-03-00003","MATERIALI PULIZIA LOCALI AZIENDALI","Economico","Acq"
"51-04-","Acquisti Merci","Economico","Acq"
"51-04-00001","ACQUISTI MERCI","Economico","Acq"
"51-05-","Acquisti Vari","Economico","Acq"
"51-05-00001","ACQUISTI VARI","Economico","Acq"
"51-05-00002","INDUMENTI DI LAVORO","Economico","Acq"
"51-06-","Trasporto su Acquisti","Economico","Acq"
"51-06-00001","TRASPORTO SU ACQUISTI","Economico","Acq"
"51-07-","Oneri Doganali su Acquisti","Economico","Acq"
"51-07-00001","ONERI DOGANALI SU ACQUISTI","Economico","Acq"
"51-08-","Altri oneri accessori su Acquisit","Economico","Acq"
"51-08-00001","ONERI ACCESSORI SU ACQUISTI","Economico","Acq"
"51-09-","Rettifiche ai Costi di Acquisto","Economico","Acq"
"51-09-00001","RESI SU ACQUISTI","Economico","Acq"
"51-09-00002","ABBUONI E RIBASSI (attivi) SU ACQUISTI","Economico","Acq"
"51-09-00003","SCONTI (attivi) SU ACQUISTI","Economico","Acq"
"51-10-","Materiale di Manutenzione","Economico","Acq"
"51-10-00001","MATERIALE x MANUT.LOC.LOCALI AZIENDALI","Economico","Acq"
"51-10-00002","MATERIALE x MANUT.MACCHINARI","Economico","Acq"
"51-10-00003","MATERIALE x MANUT.MACCH.UFFICIO","Economico","Acq"
"51-10-00004","MATERIALE x MANUT.ATTREZZATURE","Economico","Acq"
"51-10-00005","MATERIALI x MANUT.AUTOMEZZI","Economico","Acq"
"51-11-","Carburanti e Lubrificanti","Economico","Acq"
"51-11-00001","CARBURANTI","Economico","Acq"
"51-11-00002","LUBRIFICANTI","Economico","Acq"
"51-11-00003","CARBURANTI AUTOVETTURE (50%)","Economico","Acq"
"51-12-","Cancelleria e Stampati","Economico","Acq"
"51-12-00001","CANCELLERIA","Economico","Acq"
"51-12-00002","STAMPATI","Economico","Acq"
"51-14-","Omaggi","Economico","Acq"
"51-14-00001","OMAGGI A CLIENTI infer. a £50.000","Economico","Acq"
"51-14-00002","OMAGGI A CLIENTI superiore a £50.000","Economico","Acq"
"51-15-","Beni inferiore a Euro 516,46","Economico","Acq"
"51-15-00001","BENI MATERIALI INF. A Euro 516,46","Economico","Acq"
"51-16-","PUBBLICITÁ materiali- dépliant-gadget ecc.","Economico","Acq"
"51-16-00001","MATERIALE PUBBLICITARIO","Economico","Acq"
"51-17-","Semilavorati","Economico","Acq"
"51-17-00001","SEMILAVORATI","Economico","Acq"
"51-18-","Prodotti Finiti","Economico","Acq"
"51-18-00001","PRODOTTI FINITI","Economico","Acq"
"51-19-","Imballaggi","Economico","Acq"
"51-19-00001","IMBALLAGGI","Economico","Acq"
"51-20-","Spese Accessorie su Acquisti","Economico","Acq"
"51-20-00001","SPESE ACCESSORIE SU ACQUISTI","Economico","Acq"
"51-21-","Spese di Magazzinaggio","Economico","Acq"
"51-21-00001","SPESE DI MAGAZZINAGGIO","Economico","Acq"
"51-22-","Importazioni","Economico","Acq"
"51-22-00001","SPESE DI IMPORTAZIONI","Economico","Acq"
"51-23-","Combustibile per riscladamento","Economico","Acq"
"51-23-00001","COMBUSTIBILE PER RISCALDAMENTO","Economico","Acq"
"51-24-","Prodotti per mensa aziendale","Economico","Acq"
"51-24-00001","PRODOTTI PER MENSA AZIENDALE (Gest. Interna)","Economico","Acq"
"51-25-","Prodotti per circolo aziendale","Economico","Acq"
"51-25-00001","PRODOTTI PER CIRCOLO AZIENDALE (Gest.Interna)","Economico","Acq"
"51-26-","Altri Acquisti","Economico","Acq"
"51-26-00001","ALTRI ACQUISTI","Economico","Acq"
"53--","COSTI PER SERVIZI","Economico","Alt"
"53-01-","Lavorazioni e Prestazioni da Terzi","Economico","Acq"
"53-01-00001","LAVORO DA TERZI X La Poduzione","Economico","Acq"
"53-01-00002","LAVORO DI TERZI x La Vendita","Economico","Acq"
"53-01-00003","COSTI X RICERCA E SVILUPPO DA TERZI","Economico","Acq"
"53-01-00004","LAVORI DI TERZI x L'installazione","Economico","Acq"
"53-01-00005","LAVORO DI TERZI Posa in Opera","Economico","Acq"
"53-01-00007","PRESTAZIONI DI SERVIZI DA TERZI","Economico","Acq"
"53-02-","Utenze","Economico","Acq"
"53-02-00001","ENERGIA LETTRICA E F.MOTRICE","Economico","Acq"
"53-02-00002","TELEFONO","Economico","Acq"
"53-02-00003","ACQUA","Economico","Acq"
"53-02-00004","GAS","Economico","Acq"
"53-02-00005","TELEFONIA MOBILE","Economico","Acq"
"53-02-00006","INTERNET","Economico","Acq"
"53-03-","Compensi Professionali","Economico","Acq"
"53-03-00001","CONSULENZE COMMERCIALI","Economico","Acq"
"53-03-00002","CONSULENZE AZIENDALI","Economico","Acq"
"53-03-00003","CONSULENZE AMMINISTRATIVE","Economico","Acq"
"53-03-00004","CONSULENZE LEGALI","Economico","Acq"
"53-03-00005","CONSULENZE TECNICHE","Economico","Acq"
"53-03-00006","CONSULENZE E SPESE NOTARILI","Economico","Acq"
"53-03-00008","COMPENSI AGLI AMMINISTRATORI","Economico","Acq"
"53-03-00009","COMPENSI AI SINDACI","Economico","Acq"
"53-04-","Spese di Viaggio e Trasferta","Economico","Acq"
"53-04-00001","SPESE DI VIAGGIO E TRASFERTA","Economico","Acq"
"53-04-00002","SOGGIORNI(albergo ristorante ecc)","Economico","Acq"
"53-04-00004","PEDAGGIO AUTOSTRADALE","Economico","Acq"
"53-05-","Assicurazioni","Economico","Acq"
"53-05-00001","ASSICURAZIONI RC AUTOMEZZI","Economico","Acq"
"53-05-00002","ASSICURAZIONI FIDEIUSSORIE","Economico","Acq"
"53-05-00003","ASSICURAZIONI INGENDIO E FURTO","Economico","Acq"
"53-05-00004","ASSICURAZIONI VARIE","Economico","Acq"
"53-06-","Spese Amministrative","Economico","Acq"
"53-06-00001","SPESE AMMINISTRATIVE","Economico","Acq"
"53-07-","Spese di Vendita","Economico","Acq"
"53-07-00001","SPESE DI VENDITA","Economico","Acq"
"53-08-","Spese di Ricerca e Sviluppo","Economico","Acq"
"53-08-00001","SPESE DI RICERCA E SVILUPPO","Economico","Acq"
"53-09-","Spese di Pubblicità,"Economico","Acq"
"53-09-00001","SPESE DI PUBBLICITÁ per servizi","Economico","Acq"
"53-10-","Manutenz.Ordinarie su beni di proprietà,"Economico","Acq"
"53-10-00001","MANUT/RIP. FABBRICATI","Economico","Acq"
"53-10-00002","MANUT/RIP. OPIFICIO INDUSTRIALE","Economico","Acq"
"53-10-00003","MANUT/RIP. MACCHINARI","Economico","Acq"
"53-10-00004","MANUT/RIP. ATTREZZATURE","Economico","Acq"
"53-10-00005","MANUT/RIP. AUTOMEZZI","Economico","Acq"
"53-10-00006","MANUT/RIP. MOB E MACCH. UFFICIO","Economico","Acq"
"53-10-00007","MANUT/RIP. MACCH.ELETTRONICHE","Economico","Acq"
"53-11-","Manutenz.e riparaz. ordinarie su beni di terzi","Economico","Acq"
"53-11-00001","MANUT/RIP. FABBRICATI (B.Terzi)","Economico","Acq"
"53-11-00002","MANUT/RIP. OPIFICIO IND.(B.Terzi)","Economico","Acq"
"53-11-00003","MANUT/RIP. MACCHINARI (B.Terzi)","Economico","Acq"
"53-11-00004","MANUT/RIP. ATTREZZATURE (B.Terzi)","Economico","Acq"
"53-11-00005","MANUT/RIP. AUTOMEZZI (B.Terzi)","Economico","Acq"
"53-11-00006","MANUT/RIP. MACCH.UFF.(B.Terzi)","Economico","Acq"
"53-11-00007","MANUT/RIP. MACCH.ELETTR.(B.Tezi)","Economico","Acq"
"53-12-","Altri Costi per Servizi","Economico","Acq"
"53-12-00001","DIRITTI CAMERALI","Economico","Acq"
"53-12-00002","SPESE DI TRASPORTO","Economico","Acq"
"53-12-00003","COSTI PER CAMPIONATURA","Economico","Acq"
"53-12-00004","INDUMENTI DA LAVORO","Economico","Acq"
"53-12-00005","COSTI PER MOSTRE E FIERE","Economico","Acq"
"53-12-00006","INFORMAZIONI CLIENTELA","Economico","Acq"
"53-12-00008","UTENSILERIA VARIA E MINUTA","Economico","Acq"
"53-12-00009","TASSA DI CIRCOLAZIONE","Economico","Acq"
"53-12-00010","PROVVIGIONI PASSIVE","Economico","Acq"
"53-12-00011","PROVVIGIONI PASSIVE OCCASIONALI","Economico","Acq"
"53-12-00013","CONTABILITÁ IVA E GENERALE","Economico","Acq"
"53-12-00015","ABBONAMENTI/LIBRI/RIVISTE","Economico","Acq"
"53-12-00016","CONSUL. E ASSIST. MACCHINARI","Economico","Acq"
"53-12-00017","CONSUL. E ASSIST. SOFTWARE","Economico","Acq"
"53-12-00019","VIDIMAZIONE REGISTRI","Economico","Acq"
"53-12-00020","SPESE GENERALI DIVERSE","Economico","Acq"
"53-12-00021","SPESE POSTALI","Economico","Acq"
"53-12-00022","VIGILANZA","Economico","Acq"
"53-12-00023","SERVIZI PER ACQUISTI","Economico","Acq"
"53-12-00024","MAGAZZINAGGIO","Economico","Acq"
"53-12-00025","SERVIZI DI IMPORTAZIONE","Economico","Acq"
"53-12-00026","SERVIZI VARI SU ACQUISTI","Economico","Acq"
"53-12-00027","SERVIZI INDUSTRIALI","Economico","Acq"
"53-12-00028","RIMBORSI A PIE\' DI LISTA AL PERSONALE","Economico","Acq"
"53-12-00029","INDENNITÁ CHILOMETRICHE","Economico","Acq"
"53-12-00030","COSTI X IL PERSONALE DISTACCATO DI TERZI","Economico","Acq"
"53-12-00031","COLLABORAZIONI COORDINATE E CONTINUATIVE","Economico","Acq"
"53-12-00032","ACCANT.X INDENNITÁ FINE RAPPORTO COLLAB.","Economico","Acq"
"53-12-00033","ROYALTIES DIRITTI D\'AUTORE "BREVETTI","Economico","Acq"
"53-12-00034","RICERCA ADDESTRAMENTO E FORMAZIONE","Economico","Acq"
"53-12-00035","PULIZIA ESTERNA","Economico","Acq"
"53-12-00036","SPESE X ANALISI PROVE E LABORATORIO","Economico","Acq"
"53-12-00037","FACCHIANGGIO E MANOVALANZA","Economico","Acq"
"53-12-00038","SERVIZIO SMALTIMENTO RIFIUTI","Economico","Acq"
"53-12-00039","SERVIZI COMMERCIALI","Economico","Acq"
"53-12-00040","RIMBORSO SPESE AD AGENTI","Economico","Acq"
"53-12-00041","CONTRIBUTI ENASARCO FIRR","Economico","Acq"
"53-12-00042","INCENTIVI DI VENDITA","Economico","Acq"
"53-12-00043","ACCANT. A F.DI INDENNITÁ SOST. DI CLIENTELA","Economico","Acq"
"53-12-00044","PUBBLICHE RELAZIONI","Economico","Acq"
"53-12-00045","SPESE DI CONTENZIOSO E RECUPERO CRED.","Economico","Acq"
"53-12-00046","MENSE GESTITE DA TERZI E BUONI PASTO","Economico","Acq"
"53-12-00047","SPESE TELEX","Economico","Acq"
"53-12-00048","SPESE TELEGRAFICHE","Economico","Acq"
"53-12-00049","SPESE SERVIZI BANCARI","Economico","Acq"
"53-12-00050","SPESE DI RAPPRESENTANZA","Economico","Acq"
"53-12-00051","CIRCOLI RICREATIVI","Economico","Acq"
"53-12-00052","ASILI NIDO E COLONIE PER BAMBINI","Economico","Acq"
"55--","COSTI DI GODIMENTO BENI DI TERZI","Economico","Alt"
"55-01-","Canoni di Locazione","Economico","Acq"
"55-01-00001","LOCAZIONI INDUSTRIALI","Economico","Acq"
"55-01-00002","LOCAZIONI UFFICI","Economico","Acq"
"55-01-00003","FITTI PASSIVI D\'AZIENDA","Economico","Acq"
"55-02-","Canoni di Leasing (Attrezzature)","Economico","Acq"
"55-02-00001","LEASING ATTREZZATURE CONTR.NR. ......","Economico","Acq"
"55-03-","Canoni Leasing Automezzi","Economico","Acq"
"55-03-00001","LEASING AUTOMEZZO CONTR. NR. .........","Economico","Acq"
"55-04-","Canoni Leasing Mobili e Macch.uff.","Economico","Acq"
"55-04-00001","LEASING MOBILI E MACCH.UFF. contr. NR. ....","Economico","Acq"
"55-06-","Royalties Diritti e Licenze","Economico","Acq"
"55-06-00001","ROYALTIES","Economico","Acq"
"55-06-00002","DIRITTI","Economico","Acq"
"55-06-00003","LICENZE","Economico","Acq"
"57--","COSTI PER IL PERSONALE","Economico","Alt"
"57-01-","Salari e Stipendi","Economico","Acq"
"57-01-00001","RETRIBUZIONI LORDE A DIPENDENTI","Economico","Acq"
"57-01-00002","RETRIBUZIONI IN NATURA","Economico","Acq"
"57-01-00003","PREMI E ALTRI ELEMENTI SIMILI","Economico","Acq"
"57-02-","Oneri Sociali","Economico","Acq"
"57-02-00001","ONERI SOCIALI","Economico","Acq"
"57-02-00002","PREMIO INAIL","Economico","Acq"
"57-02-00003","ONERI X CASSA EDILE","Economico","Acq"
"57-02-00004","ONERI SOCIALI CO.CO.CO.","Economico","Acq"
"57-03-","Trattamento fine Rapporto","Economico","Acq"
"57-03-00001","ACCANTONAMENTO ANNUO TFR","Economico","Acq"
"57-03-00002","IMPIGATI","Economico","Acq"
"57-03-00003","DIRIGENTI","Economico","Acq"
"57-04-","Trattamento di quiescenza e simili","Economico","Acq"
"57-04-00001","OPERAI","Economico","Acq"
"57-04-00002","IMPIEGATI","Economico","Acq"
"57-04-00003","DIRIGENTI","Economico","Acq"
"57-06-","Altri Costi  Per Dipendenti","Economico","Acq"
"57-06-00001","TRANSAZIONI CON I DIPENDENTI","Economico","Acq"
"57-06-00002","SERVIZIO SANITARIO","Economico","Acq"
"57-06-00003","QUOTE ASSOCIATIVE A FAVORE DEI DIPENDENTI","Economico","Acq"
"57-06-00004","SUSSIDI OCCASIONALI (MATRIMONI FUNERALI NASCITE)","Economico","Acq"
"57-06-00005","BORSE DI STUDIO","Economico","Acq"
"57-06-00006","OMAGGI AI DIPENDENTI","Economico","Acq"
"57-06-00007","ALTRI","Economico","Acq"
"59--","AMMORT. IMMOBILIZZAZIONI IMMATERIALI","Economico","Alt"
"59-01-","Ammortamento Immobilizz. Immateriali","Economico","Acq"
"59-01-00001","AMMORTAM. COSTI DI IMPIANTO E AMPLIAMENTO","Economico","Acq"
"59-01-00002","AMMORTAM. COSTI DI RICERCA E SVILUPPO","Economico","Acq"
"59-01-00003","AMMORTAM. AVVIAMENTO","Economico","Acq"
"59-01-00004","AMMORTAM. COSTI DI PUBBLICITÁ","Economico","Acq"
"59-02-","Ammortamento Anticipato Imm. Materiali","Economico","Acq"
"59-02-00001","AMMORTAMENTO ANTICIPATO TERRENI E FABBRICATI","Economico","Acq"
"59-02-00002","AMMORTAMENTO ANTICIPATO IMPIANTI E MACCHINARI","Economico","Acq"
"59-02-00003","AMMORTAMENTO ANTICIPATO ATTR. INDUSTR. E COMM.LI","Economico","Acq"
"59-02-00004","AMMORTAMENTO ANTICIPATO ALTRI BENI MATERIALI","Economico","Acq"
"59-02-00005","AMMORTAMENTI ANT.IMPUTATI A RISERVA","Economico","Acq"
"60--","AMMORTAMENTO IMMOBILIZZ.NI MATERIALI","Economico","Alt"
"60-01-","Ammortam. Fabbricati","Economico","Acq"
"60-01-00001","AMMORTAMENTO FABBRICATI","Economico","Acq"
"60-02-","Ammortam. Impianti e Macchinari","Economico","Acq"
"60-02-00001","AMMORT. IMPIANTI E MACCH.GENERICI","Economico","Acq"
"60-02-00002","AMMORT. IMPIANTI E MACCH.SPECIFICI","Economico","Acq"
"60-03-","Ammortam.Attrezzature","Economico","Acq"
"60-03-00001","AMMORTAMENTO ATTREZZATURE","Economico","Acq"
"60-04-","Ammortam. Attrezz. Varia e Minuta","Economico","Acq"
"60-04-00001","AMMORTAMENTO ATTREZZATURA VARIA E MINUTA","Economico","Acq"
"60-05-","Ammortam. Mobili e Arredi","Economico","Acq"
"60-05-00001","AMMORTAMENTO MOBILI E ARREDO","Economico","Acq"
"60-06-","Ammortam. Mcchine Ufficio","Economico","Acq"
"60-06-00001","AMMORTAMENTO MACCHINE UFFICIO","Economico","Acq"
"60-07-","Ammortam. Macchine Elettroniche","Economico","Acq"
"60-07-00001","AMMORTAMENTO MACCHINE ELETTRONICHE","Economico","Acq"
"60-08-","Ammortam. Automezzi","Economico","Acq"
"60-08-00001","AMMORTAMENTO AUTOMEZZI","Economico","Acq"
"60-09-","Ammortam. Movimento e Trasp.Interno","Economico","Acq"
"60-09-00001","AMMORTAMENTO MOVIMENTO E TRASP. INTERNO","Economico","Acq"
"60-10-","Ammortam. Altri Beni Materiali","Economico","Acq"
"60-10-00001","AMMORTAMENTO ALTRI BENI MATERIALI","Economico","Acq"
"60-11-","Ammort. Immobiliz. in Corso e Acconti","Economico","Acq"
"60-11-00001","AMMORTAMENTO IMM.ZIONI IN CORSO E ACCONTI","Economico","Acq"
"60-12-","Ammort. beni inferiori a Euro516,46","Economico","Acq"
"60-12-00001","AMMORTAMENTO BENI <1 MILIONE","Economico","Acq"
"60-13-","Svalutaioni","Economico","Acq"
"60-13-00001","SVALUTAZIONI ECCEZ. DEI BENI AMM.LI","Economico","Acq"
"60-13-00002","SVALUTAZIONI ECCEZ. DEI BENI NON AMM.LI","Economico","Acq"
"60-14-","Svalutazione dei crediti e disponibilitÁ liquide","Economico","Acq"
"60-14-00001","ACCANTONAMENTO X RISCHI SU CREDITI","Economico","Acq"
"60-14-00002","ACCANT. X RISCHI SU EFF. COMM.LI SCONTATI","Economico","Acq"
"60-14-00003","ACCANT. X RISCHI RELATIVI AL FACTORING","Economico","Acq"
"60-14-00004","ACCANT. X RISCHIO CREDITI SU INT. DI MORA","Economico","Acq"
"62--","RIMANENZE (Econ.)","Economico","Alt"
"62-01-","Rimanenze Iniziali (E)","Economico","Acq"
"62-01-00001","RIMANENZE I. MATERIE PRIME","Economico","Acq"
"62-01-00002","RIMANENZE I. SEMILAVORATI","Economico","Acq"
"62-01-00003","RIMANENZE I. PRODOTTI FINITI","Economico","Acq"
"62-01-00004","RIMANENZE I. LAVORI IN CORSO","Economico","Acq"
"62-01-00005","RIMANENZE I. ACCESSORI","Economico","Acq"
"62-01-00006","RIMANENZE I. MERCI","Economico","Acq"
"62-01-00007","RIMANENZE I. MATERIE SUSSIDIARIE","Economico","Acq"
"62-01-00008","RIMANENZE I. MATERIALE DI CONSUMO","Economico","Acq"
"62-02-","Rimanenze Finali (E)","Economico","Acq"
"62-02-00001","RIMANENZE F. MATERIE PRIME","Economico","Acq"
"62-02-00002","RIMANENZE F. SEMILAVORATI","Economico","Acq"
"62-02-00003","RIMANENZE F. PRODOTTI FINITI","Economico","Acq"
"62-02-00004","RIMANENZE F. LAVORI IN CORSO","Economico","Acq"
"62-02-00005","RIMANENZE F. ACCESSORI","Economico","Acq"
"62-02-00006","RIMANENZE F. MERCI","Economico","Acq"
"62-02-00007","RIMANENZE F. MATERIE SUSSIDIARIE","Economico","Acq"
"62-02-00008","RIMANENZE F. MATERIALE DI CONSUMO","Economico","Acq"
"64--","ACCANTONAMENTI PER RISCHI","Economico","Alt"
"64-01-","Accantonamento F.do Rischi su Cambi","Economico","Acq"
"64-01-00001","ACCANTONAMENTO F.DO RISCHI SU CAMBI","Economico","Acq"
"64-01-00002","ACCANT. F.DO AUTOASSICURAZIONI","Economico","Acq"
"64-01-00003","ACCANT. F.DO RISCHI COLLAUDO","Economico","Acq"
"64-01-00004","ACCANT. F.DO RISCHI MANUTENZIONI","Economico","Acq"
"64-01-00005","ACCANT.F.DO RISCHI PER CREDITI DI FIRMA","Economico","Acq"
"64-01-00006","ACCANT. F.DO RISCHI EFF. SCONTATI NON SCADUTI","Economico","Acq"
"64-01-00007","ACCANT. F.DO RISCHI PER CONTRATTI ESECUZ. DIFFERIT","Economico","Acq"
"64-01-00008","ACCANT. F.DO RISCHI RITARDATA CONSEGNA","Economico","Acq"
"64-01-00009","ACCANT. F.DO RISCHI PERSONALE","Economico","Acq"
"64-01-00010","ACCANT. F.DO RISCHI LAVORI CICLICI","Economico","Acq"
"64-01-00011","ACCANT. F.DO RISCHI RECUPERO AMB.","Economico","Acq"
"64-01-00012","ACCANT. F.DO COPERTURA PERDITE PART.","Economico","Acq"
"64-01-00013","ACCANT. F.DO PREPENSIONAMENTO","Economico","Acq"
"64-01-00014","ALTRI ACCANTONAMENTI","Economico","Acq"
"64-02-","Accantonamento fondo garanzie prodotti","Economico","Acq"
"64-03-","Accantonamenti fondi concorso a premio","Economico","Acq"
"64-04-","Accantonamento fondi liti e contestazioni","Economico","Acq"
"66--","ONERI DIVERSI DI GESTIONE","Economico","Alt"
"66-01-","Oneri Fiscali Indiretti","Economico","Acq"
"66-01-00001","IVA INDETRAIBILE (E)","Economico","Acq"
"66-01-00002","IMPOSTE DI REGISTRO E BOLLO","Economico","Acq"
"66-01-00003","ICIAP = imposte comunali","Economico","Acq"
"66-01-00004","IMPOSTE COMUNALI","Economico","Acq"
"66-01-00005","TASSA SULLA P.IVA","Economico","Acq"
"66-01-00006","IMPOSTA PATRIMONIALE","Economico","Acq"
"66-01-00007","PENALITÁ E MULTE","Economico","Acq"
"66-01-00008","CONTRIBUTI ASSOCIATIVI","Economico","Acq"
"66-01-00009","IMPOSTE E TASSE DEDUCIBILI","Economico","Acq"
"66-01-00010","IMPOSTE E TASSE INDEDUCIBILI","Economico","Acq"
"66-01-00011","IMPOSTE SULLA PUBBLICITÁ","Economico","Acq"
"66-01-00012","ONERI PER SANZIONI INPS","Economico","Acq"
"66-01-00013","ARROTONDAMENTI PASSIVI","Economico","Acq"
"66-01-00014","TASSE PER VIDIMAZ.REGISTRI","Economico","Acq"
"66-01-00015","CONCESSIONI GOVERNATIVE","Economico","Acq"
"66-01-00016","TASSA SUI RIFIUTI","Economico","Acq"
"66-01-00017","TASSA PROPRIETÁ AUTOVEICOLI","Economico","Acq"
"66-01-00018","ABBONAMENTI/RIVISTE/LIBRI","Economico","Acq"
"66-01-00019","SANZIONI *RAVVEDIMENTO OPEROSO*","Economico","Acq"
"66-01-00020","IMPOSTE E TASSE NON RELAT. AL REDD.IMPON. DELL'ESE","Economico","Acq"
"66-01-00021","IMPOSTE SOSTITUTIVE","Economico","Acq"
"66-01-00022","IMPOSTE DI FABBRICAZIONE","Economico","Acq"
"66-01-00023","IMPOSTE DI REGISTRO","Economico","Acq"
"66-01-00024","IMPOSTE IPOTECARIE E CATASTALI","Economico","Acq"
"66-01-00025","INVIM","Economico","Acq"
"66-01-00026","IVA SU ACQUISTI X VENDITE ESENTI","Economico","Acq"
"66-01-00027","ALTRE IMPOSTE E TASSE","Economico","Acq"
"66-01-00028","MNENSA AZIENDALE","Economico","Acq"
"66-01-00029","ONERI DI UTILITÁ SOCIALE","Economico","Acq"
"66-01-00030","OMAGGI A CLIENTI (BENI PRODOTTI DA TERZI)","Economico","Acq"
"66-01-00031","MINUSVALENZE ORDINARIE","Economico","Acq"
"66-01-00032","PERDITE SU CAMBI","Economico","Acq"
"66-02-","Insussistenze e sopravvenienze passive","Economico","Acq"
"66-02-00001","ONERI DI ESERCIZI PRECED.NON RILEVATI","Economico","Acq"
"66-02-00002","PERDITE DIVERSE DI ESERCIZIO","Economico","Acq"
"66-04-","Altri Costi di Gestione","Economico","Acq"
"66-04-00001","PERDITE SU CREDITI (sorti nel periodo)","Economico","Acq"
"66-04-00002","VALORI BOLLATI E POSTALI","Economico","Acq"
"66-04-00003","DIRITTO ANNUALE CCIAA","Economico","Acq"
"68--","PROVENTI FINANZIARI","Economico","Alt"
"68-01-","Proventi da Partecipazioni","Economico","Ven"
"68-02-","Altri Proventi Finanziari","Economico","Ven"
"68-02-00001","INT.ATTIVI SU CRED.V/ERARIO","Economico","Ven"
"68-02-00002","INTERESSI ATTIVI BANCARI","Economico","Ven"
"68-02-00003","INTERESSI X TARDATO PAGAMENTO","Economico","Ven"
"68-02-00004","INTERESSI ATT.DILAZIONE PAGAM.","Economico","Ven"
"68-04-","Proventi diversi","Economico","Ven"
"68-04-00001","RIVALSA X SPESE BOLLI","Economico","Ven"
"68-04-00002","RIVALSA SPESE INSOLUTI","Economico","Ven"
"68-04-00003","RIVALSA SPESE INCASSO","Economico","Ven"
"68-04-00004","DA CREDITI ISCRITTI NELLE IMMOBILIZZAZIONI","Economico","Ven"
"68-04-00005","DA IMPRESE CONTROLLATE","Economico","Ven"
"68-04-00006","DA IMPRESE COLLEGATE","Economico","Ven"
"68-04-00007","DA CONTROLLANTI","Economico","Ven"
"68-04-00008","ALTRI","Economico","Ven"
"68-05-","Da Titoli Iscritti nelle Immobilizzazioni","Economico","Ven"
"68-05-00001","BOT","Economico","Ven"
"68-05-00002","BTP","Economico","Ven"
"68-05-00003","CCT","Economico","Ven"
"68-05-00004","CTE","Economico","Ven"
"68-05-00005","BTE","Economico","Ven"
"68-05-00006","CCT CONVERTIBILI","Economico","Ven"
"68-05-00007","CCT CONVERTIBILI","Economico","Ven"
"68-05-00008","CTO","Economico","Ven"
"68-05-00009","F.DI COMUNI DI INVESTIMENTO","Economico","Ven"
"68-05-00010","OBBLIGAZIONI","Economico","Ven"
"68-05-00011","ALTRI PROVENTI","Economico","Ven"
"68-06-","Da Titoli Iscritti nelL'Attivo Circolante","Economico","Ven"
"68-06-00001","BOT","Economico","Ven"
"68-06-00002","BTP","Economico","Ven"
"68-06-00003","CCT","Economico","Ven"
"68-06-00004","CTE","Economico","Ven"
"68-06-00005","BTE","Economico","Ven"
"68-06-00006","CCT CONVERTIBILI","Economico","Ven"
"68-06-00007","CTO","Economico","Ven"
"68-06-00008","F.DI COMUNI DI INVESTIMENTO","Economico","Ven"
"68-06-00009","OBBLIGAZIONI","Economico","Ven"
"68-06-00010","ALTRI PROVENTI","Economico","Ven"
"68-07-","Proventi diversi dai Precedenti","Economico","Ven"
"68-07-00001","DA IMPRESE CONTROLLATE","Economico","Ven"
"68-07-00002","DA IMPRESE COLLEGATE","Economico","Ven"
"68-07-00003","DA CONTROLLANTI","Economico","Ven"
"68-07-00004","ALTRI","Economico","Ven"
"68-07-00005","INTERESSI DI ALTRI CREDITI","Economico","Ven"
"68-07-00006","INTERESSI SU DEPOSITI BANCARI","Economico","Ven"
"68-07-00007","INTERESSI SU DEPOSITI POSTALI","Economico","Ven"
"68-07-00008","INTERESSI DI CREDITI DI IMPOSTA","Economico","Ven"
"68-07-00009","RIVALUTAZIONE ANTICIPO TFR","Economico","Ven"
"68-07-00010","ABBUONI SCONTI E ALTRI INTERESSI","Economico","Ven"
"68-07-00011","UTILI SU CAMBI DI CONVERSIONE EURO","Economico","Ven"
"68-07-00012","UTILI SU CAMBI","Economico","Ven"
"68-07-00013","UTILI DA ASSOCIAZIONE IN PARTECIPAZIONE","Economico","Ven"
"70--","INTERESSI E ALTRI ONERI FINANZIARI","Economico","Alt"
"70-01-","Interessi e oneri verso banche","Economico","Acq"
"70-01-00001","INTERESSI PASSIVI","Economico","Acq"
"70-01-00002","COMPETENZE BANCARIE","Economico","Acq"
"70-01-00003","COMMISSIONI BANCARIE","Economico","Acq"
"70-01-00004","SPESE BANCARIE","Economico","Acq"
"70-02-","Interessi passivi verso fornitori","Economico","Acq"
"70-02-00001","INTERESSI PASSIVI A FORNITORI","Economico","Acq"
"70-03-","Interessi passivi su Mutui","Economico","Acq"
"70-03-00001","INTERESSI PASSIVI SU MUTUI","Economico","Acq"
"70-04-","Interessi pass. e Oneri verso altri","Economico","Acq"
"70-04-00001","INTERESSI PER SCONTO EFFETTI","Economico","Acq"
"70-04-00002","MAGGIORAZIONE VERSAM.IVA *ind.*","Economico","Acq"
"70-04-00003","SPESE X PROTESTI E INSOLUTI","Economico","Acq"
"70-04-00004","SPESE INCASSO EFFETTI","Economico","Acq"
"70-04-00005","INTERESSI PASS. C/ANTICIPO IVA","Economico","Acq"
"70-04-00006","INTER.PASS. C/ANTICIPO FATTURE","Economico","Acq"
"70-04-00007","INTERESSI DI MORA","Economico","Acq"
"70-04-00008","INTERESSI X DILAZIONE PAGAMENTI","Economico","Acq"
"70-04-00009","INTERESSI X SOC. CONTROLLANTI","Economico","Acq"
"70-04-00010","INTERESSI PASS. SU FINANZIAMENTI","Economico","Acq"
"70-04-00011","SCONTO PASS. DA SOC. FINANZIARIE","Economico","Acq"
"70-04-00012","INT.PASS. V/SOCIETÁ DI FACTORING","Economico","Acq"
"70-04-00013","COMMISSIONI DI FACTORING","Economico","Acq"
"70-04-00014","BOLLI SU OPERAZ. FINANZIARIE","Economico","Acq"
"70-04-00015","ONERI X FIDEJUSSIONI","Economico","Acq"
"70-04-00016","INTERESSI PASS. C/ANTIC. R.B.","Economico","Acq"
"70-04-00017","SPESE E COMM.V/SOC. FINANZIARIE","Economico","Acq"
"70-04-00018","SPESE BOLLI","Economico","Acq"
"70-04-00019","INTERESSI PAG. DILAZ.TO C/ERARIO","Economico","Acq"
"70-04-00020","INTERESSI PAG. DILAZ.TO C/REGIONI","Economico","Acq"
"70-04-00021","INTERESSI C/ERARIO RAVV. OPEROSO","Economico","Acq"
"70-04-00022","DA IMPRESE CONTROLLATE","Economico","Acq"
"70-04-00023","DA IMPRESE COLLEGATE","Economico","Acq"
"70-04-00024","DA CONTROLLANTIù,"Economico","Acq"
"70-04-00025","INTERESSI E ONERI SU DEB. OBBLIGAZ.","Economico","Acq"
"70-04-00026","INTERESSI PASS. SU DEBITI V/SO ALTRI FINANZ.","Economico","Acq"
"70-04-00027","INT.PASS. SU DEBITI RAPPRESNT. DA TITOLI DI CRED.","Economico","Acq"
"70-04-00028","INT.PASS.SU DEBITI NON RAPPRES. DA TITOLI DI CRED.","Economico","Acq"
"70-04-00029","INTERESSI PASSIVI SU ALTRI DEB.(FORNITORI ERARIO.","Economico","Acq"
"70-04-00030","SCONTI E ALTRI ONERI FINANZIARI","Economico","Acq"
"70-04-00031","SCONTI PASSIVI SU EFFETTI COMMERCIALI","Economico","Acq"
"70-04-00032","SCONTI PASSIVI PER PAG. X CASSA DA CLIENTI","Economico","Acq"
"70-04-00033","COMMISSIONI BANCARIE X PROTESTI","Economico","Acq"
"70-04-00034","SPESE IMPORT-EXPORT","Economico","Acq"
"70-04-00035","DISAGGIO DI EMISSIONE OBBLIGAZIONI","Economico","Acq"
"70-04-00036","ALTRI ONERI COLLEG. A OP. FINANZ.","Economico","Acq"
"70-04-00037","PERDITE SU CAMBI DI CONVERSIONE EURO","Economico","Acq"
"70-04-00038","PERDITE SU CAMBI","Economico","Acq"
"70-04-00039","ACCANTONAMENTO AL F.DO RISCHI SU CAMBI","Economico","Acq"
"71--","Rettifiche di Valore di Attività Finanziarie","Economico","Alt"
"71-01-","Rivalutazione","Economico","Ven"
"71-01-00001","PARTEC. IN IMPRESE CONTROLLATE","Economico","Ven"
"71-01-00002","PARTEC. IN IMPRESE COLLEGATE","Economico","Ven"
"71-01-00003","PARTEC. IN IMPRESE CONTROLLANTI","Economico","Ven"
"71-01-00004","PARTEC. IN ALTRE IMPRESE","Economico","Ven"
"71-01-00005","CREDITI IMMOBILIZZATI","Economico","Ven"
"71-01-00006","ALTRI TITOLI","Economico","Ven"
"71-01-00007","AZIONI PROPRIE","Economico","Ven"
"71-02-","Svalutazioni","Economico","Acq"
"71-02-00001","DI PARTECIPAZIONI","Economico","Acq"
"71-02-00002","DI IMMOBILIZZAZIONI FINANZIARIE","Economico","Acq"
"71-02-00003","DI TITOLI ISCRITTI NELL'ATTIVO CIRC.","Economico","Acq"
"72--","PROVENTI E ONERI STRAORDINARI","Economico","Alt"
"72-01-","Proventi Straordinari","Economico","Ven"
"72-01-00001","PLUSVAL. DA ALIENAZ. BENI","Economico","Ven"
"72-01-00002","SOPRAVVENIENZE ATTIVE","Economico","Ven"
"72-01-00003","INDENNIZZI SINISTRI","Economico","Ven"
"72-01-00004","RIC. CONTRIBUTO F/PERDUTO","Economico","Ven"
"72-01-00005","CONTR. C/NTERESSI LEGGE ......","Economico","Ven"
"72-01-00006","INCASSO DI UN CREDITO CONSIDERATO INESIG.","Economico","Ven"
"72-01-00007","RETTIFICHE DI COSTI E RICAVI REL. A ESERC. PREC.","Economico","Ven"
"72-01-00008","SOPRAVVENUTA INSUSSIST. DI ONERI SPESE PASSIVITA","Economico","Ven"
"72-01-00009","INDENNITÁ CONSEGUITE A TITOLO DI RISARC. ANCHE AS","Economico","Ven"
"72-01-00010","DONAZIONI","Economico","Ven"
"72-01-00011","CONTRIBUTI IN CONTO CAPITALE","Economico","Ven"
"72-01-00012","UTILIZZO FONDI","Economico","Ven"
"72-01-00013","ALTRE LIBERALITÁ","Economico","Ven"
"72-01-00014","PLUSVALENZE DA ALIENAZIONI DIR.BREV.IND MARCHI..","Economico","Ven"
"72-01-00015","PLUSVALENZE DA ALIENAZIONI TERRENI E FABBR.","Economico","Ven"
"72-01-00016","PLUSVALENZE DA ALIENAZIONE IMPIANTI E MACCH.","Economico","Ven"
"72-03-","Oneri Straordinari","Economico","Acq"
"72-03-00001","SOPRAVVENIENZE PASSIVE","Economico","Acq"
"72-03-00002","MINUSVAL. DA ALIENAZIONE BENI","Economico","Acq"
"72-03-00003","IMPOSTE DELL'ESERC. PRECEDENTE","Economico","Acq"
"72-03-00004","MINOR INDENNIZZO","Economico","Acq"
"72-03-00005","MANCATO CONSEG. RICAVI","Economico","Acq"
"72-03-00006","SPESE PERDITE ONERI DI ESERCIZI PRECED.","Economico","Acq"
"72-03-00007","RETTIFICHE DI COSTI E RICAVI RELAT. ESERC.PREC.","Economico","Acq"
"72-03-00008","SVALUTAZIONI E INSUSS. DI ATTIVITÁ","Economico","Acq"
"72-03-00009","MINUSVALENZE NON FISCALMENTE DEDUCIBILI","Economico","Acq"
"72-03-00010","ALTRI ONERI STRAORDINARI","Economico","Acq"
"80--","IMPOSTE REDDITO ESERCIZIO","Economico","Alt"
"80-01-","Imposte correnti","Economico","Acq"
"80-01-00001","IRES","Economico","Acq"
"80-01-00003","IRAP","Economico","Acq"
"80-01-00004","IMPOSTE SOSTITUTIVE","Economico","Acq"
"80-02-","Imposte Differite","Economico","Acq"
"80-02-00001","IRES (I.DIFF.)","Economico","Acq"
"80-02-00002","IRAP (I. dIFF.)","Economico","Acq"
"85--","UTILE D\'ESERCIZIO","Economico","Alt"
"85-01-","Utile d\'esercizio","Economico","Acq"
"85-01-00001","UTILE D\'ESERCIZIO","Economico","Acq"
"86--","PERDITA D\'ESERCIZIO","Economico","Alt"
"86-01-","Perdita d\'esercizio","Economico","Ven"
"86-01-00001","PERDITA D\'ESERCIZIO","Economico","Ven"
"90--","PROFITTI E PERDITE","Economico","Alt"
"90-01-","Profitti & Perdite","Economico","Alt"
"90-01-00001","PROFITTI E PERDITE","Economico","Alt"
